review_id,trace_name,filename,event,region,Subset,primary_long_mixed,source_duration_s,reference_s,reference_grid_s,fixed_end_s,shift_s,shifted_start_s,energy_change_pct,fas_smoothed_l2_pct,psa_l2_pct
1,acNIG0140703250942,acNIG0140703250942.dat.correct.padremoved.v,2007-03-25 09:42:00,Niigata Basin,training,True,185.91,68.07799805,68.08,185.91,-10,58.08,5.992195121626498,5.718205565527001,5.9689560284279075
1,acNIG0140703250942,acNIG0140703250942.dat.correct.padremoved.v,2007-03-25 09:42:00,Niigata Basin,training,True,185.91,68.07799805,68.08,185.91,-5,63.08,4.0545000692185695,3.364200342249542,2.9343574980038905
1,acNIG0140703250942,acNIG0140703250942.dat.correct.padremoved.v,2007-03-25 09:42:00,Niigata Basin,training,True,185.91,68.07799805,68.08,185.91,0,68.08,0.0,0.0,0.0
1,acNIG0140703250942,acNIG0140703250942.dat.correct.padremoved.v,2007-03-25 09:42:00,Niigata Basin,training,True,185.91,68.07799805,68.08,185.91,5,73.08,-1.1505858504881061,3.0173227543449963,2.7005210755480125
1,acNIG0140703250942,acNIG0140703250942.dat.correct.padremoved.v,2007-03-25 09:42:00,Niigata Basin,training,True,185.91,68.07799805,68.08,185.91,10,78.08,-7.922872141170101,6.599588286552496,4.242135220304629
2,acNIG0102401011610,acNIG0102401011610.dat.correct.padremoved.v,2024-01-01 16:10:00,Niigata Basin,training,False,240.95000000000002,57.51100098,57.51,240.95000000000002,-10,47.51,2.700597301008778,3.4119494824182888,3.8287262951348744
2,acNIG0102401011610,acNIG0102401011610.dat.correct.padremoved.v,2024-01-01 16:10:00,Niigata Basin,training,False,240.95000000000002,57.51100098,57.51,240.95000000000002,-5,52.51,0.8379868214344999,2.4994519329887814,2.038039513955147
2,acNIG0102401011610,acNIG0102401011610.dat.correct.padremoved.v,2024-01-01 16:10:00,Niigata Basin,training,False,240.95000000000002,57.51100098,57.51,240.95000000000002,0,57.51,0.0,0.0,0.0
2,acNIG0102401011610,acNIG0102401011610.dat.correct.padremoved.v,2024-01-01 16:10:00,Niigata Basin,training,False,240.95000000000002,57.51100098,57.51,240.95000000000002,5,62.51,-0.8573374202027417,2.397643807679476,2.4678147284929
2,acNIG0102401011610,acNIG0102401011610.dat.correct.padremoved.v,2024-01-01 16:10:00,Niigata Basin,training,False,240.95000000000002,57.51100098,57.51,240.95000000000002,10,67.51,-1.5352994047519775,4.585006178334707,3.347206293090125
3,acNIG0112401011610,acNIG0112401011610.dat.correct.padremoved.v,2024-01-01 16:10:00,Niigata Basin,training,True,299.91,69.69100098,69.69,299.91,-10,59.69,16.533907842082506,16.09613750804566,34.41446294295763
3,acNIG0112401011610,acNIG0112401011610.dat.correct.padremoved.v,2024-01-01 16:10:00,Niigata Basin,training,True,299.91,69.69100098,69.69,299.91,-5,64.69,10.877646388486738,10.580378888108687,27.41298696731832
3,acNIG0112401011610,acNIG0112401011610.dat.correct.padremoved.v,2024-01-01 16:10:00,Niigata Basin,training,True,299.91,69.69100098,69.69,299.91,0,69.69,0.0,0.0,0.0
3,acNIG0112401011610,acNIG0112401011610.dat.correct.padremoved.v,2024-01-01 16:10:00,Niigata Basin,training,True,299.91,69.69100098,69.69,299.91,5,74.69,-9.59214566670169,6.63297763326916,6.881299619061632
3,acNIG0112401011610,acNIG0112401011610.dat.correct.padremoved.v,2024-01-01 16:10:00,Niigata Basin,training,True,299.91,69.69100098,69.69,299.91,10,79.69,-13.375671697213242,8.769457416251702,8.682458412890012
4,acNIG0142401011610,acNIG0142401011610.dat.correct.padremoved.v,2024-01-01 16:10:00,Niigata Basin,holdout_evaluation,False,299.91,72.89799805,72.9,299.91,-10,62.9,1.7201247311821932,4.372514480814341,7.006523252505778
4,acNIG0142401011610,acNIG0142401011610.dat.correct.padremoved.v,2024-01-01 16:10:00,Niigata Basin,holdout_evaluation,False,299.91,72.89799805,72.9,299.91,-5,67.9,1.0549318125014917,3.5641975711873863,6.010951773940292
4,acNIG0142401011610,acNIG0142401011610.dat.correct.padremoved.v,2024-01-01 16:10:00,Niigata Basin,holdout_evaluation,False,299.91,72.89799805,72.9,299.91,0,72.9,0.0,0.0,0.0
4,acNIG0142401011610,acNIG0142401011610.dat.correct.padremoved.v,2024-01-01 16:10:00,Niigata Basin,holdout_evaluation,False,299.91,72.89799805,72.9,299.91,5,77.9,-2.6265041773876674,4.514416189416667,8.273527491081541
4,acNIG0142401011610,acNIG0142401011610.dat.correct.padremoved.v,2024-01-01 16:10:00,Niigata Basin,holdout_evaluation,False,299.91,72.89799805,72.9,299.91,10,82.9,-5.869178844386369,6.516107883943553,9.542202347362126
7,acNIG0242401011610,acNIG0242401011610.dat.correct.padremoved.v,2024-01-01 16:10:00,Niigata Basin,training,True,299.91,60.285,60.28,299.91,-10,50.28,1.6276878441953802,3.661606147184736,4.218851028257429
7,acNIG0242401011610,acNIG0242401011610.dat.correct.padremoved.v,2024-01-01 16:10:00,Niigata Basin,training,True,299.91,60.285,60.28,299.91,-5,55.28,0.8718445291901578,2.7328481519366177,3.306732262539036
7,acNIG0242401011610,acNIG0242401011610.dat.correct.padremoved.v,2024-01-01 16:10:00,Niigata Basin,training,True,299.91,60.285,60.28,299.91,0,60.28,0.0,0.0,0.0
7,acNIG0242401011610,acNIG0242401011610.dat.correct.padremoved.v,2024-01-01 16:10:00,Niigata Basin,training,True,299.91,60.285,60.28,299.91,5,65.28,-0.7764832880121975,5.651316622773104,6.218558231538463
7,acNIG0242401011610,acNIG0242401011610.dat.correct.padremoved.v,2024-01-01 16:10:00,Niigata Basin,training,True,299.91,60.285,60.28,299.91,10,70.28,-7.704872491403036,15.049499852398677,8.331042649225573
8,acNIGH172401011610,acNIGH172401011610.dat.correct.padremoved.v,2024-01-01 16:10:00,Niigata Basin,training,False,299.91,159.677998,159.68,299.91,-10,149.68,9.273721943312307,14.605880911171939,24.45176977740829
8,acNIGH172401011610,acNIGH172401011610.dat.correct.padremoved.v,2024-01-01 16:10:00,Niigata Basin,training,False,299.91,159.677998,159.68,299.91,-5,154.68,6.7654479806748435,11.445238452690397,17.86047995071386
8,acNIGH172401011610,acNIGH172401011610.dat.correct.padremoved.v,2024-01-01 16:10:00,Niigata Basin,training,False,299.91,159.677998,159.68,299.91,0,159.68,0.0,0.0,0.0
8,acNIGH172401011610,acNIGH172401011610.dat.correct.padremoved.v,2024-01-01 16:10:00,Niigata Basin,training,False,299.91,159.677998,159.68,299.91,5,164.68,-1.1646484398615153,3.912081758453704,6.783183918445407
8,acNIGH172401011610,acNIGH172401011610.dat.correct.padremoved.v,2024-01-01 16:10:00,Niigata Basin,training,False,299.91,159.677998,159.68,299.91,10,169.68,-9.94788174627118,19.746102758948147,13.830337636063572
9,acNIG0100410231756,acNIG0100410231756.dat.correct.padremoved.v,2004-10-23 17:56:00,Niigata Basin,training,True,175.91,35.46199951,35.46,175.91,-10,25.46,1.7042438983893016,4.310259185301972,3.0468901407468554
9,acNIG0100410231756,acNIG0100410231756.dat.correct.padremoved.v,2004-10-23 17:56:00,Niigata Basin,training,True,175.91,35.46199951,35.46,175.91,-5,30.46,0.9679518546001686,2.947546848694307,2.457924661192952
9,acNIG0100410231756,acNIG0100410231756.dat.correct.padremoved.v,2004-10-23 17:56:00,Niigata Basin,training,True,175.91,35.46199951,35.46,175.91,0,35.46,0.0,0.0,0.0
9,acNIG0100410231756,acNIG0100410231756.dat.correct.padremoved.v,2004-10-23 17:56:00,Niigata Basin,training,True,175.91,35.46199951,35.46,175.91,5,40.46,-1.3159348807873394,3.893920086302875,1.9043813953801307
9,acNIG0100410231756,acNIG0100410231756.dat.correct.padremoved.v,2004-10-23 17:56:00,Niigata Basin,training,True,175.91,35.46199951,35.46,175.91,10,45.46,-3.1921886757826146,7.866617294300031,2.721626192478736
10,acNIG0130410231834,acNIG0130410231834.dat.correct.padremoved.v,2004-10-23 18:34:00,Niigata Basin,training,True,168.95000000000002,38.77300049,38.77,168.95000000000002,-10,28.77,3.634562823603482,4.783827446546027,2.5062808105160395
10,acNIG0130410231834,acNIG0130410231834.dat.correct.padremoved.v,2004-10-23 18:34:00,Niigata Basin,training,True,168.95000000000002,38.77300049,38.77,168.95000000000002,-5,33.77,1.2136725244861646,2.1208032866771833,1.1740794884436674
10,acNIG0130410231834,acNIG0130410231834.dat.correct.padremoved.v,2004-10-23 18:34:00,Niigata Basin,training,True,168.95000000000002,38.77300049,38.77,168.95000000000002,0,38.77,0.0,0.0,0.0
10,acNIG0130410231834,acNIG0130410231834.dat.correct.padremoved.v,2004-10-23 18:34:00,Niigata Basin,training,True,168.95000000000002,38.77300049,38.77,168.95000000000002,5,43.77,-1.2383226678915005,2.3871831805641133,2.342023513746126
10,acNIG0130410231834,acNIG0130410231834.dat.correct.padremoved.v,2004-10-23 18:34:00,Niigata Basin,training,True,168.95000000000002,38.77300049,38.77,168.95000000000002,10,48.77,-10.450635701140143,14.80326315234633,8.68671296104102
11,acNIG0130410271040,acNIG0130410271040.dat.correct.padremoved.v,2004-10-27 10:40:00,Niigata Basin,holdout_evaluation,True,163.91,36.67300049,36.67,163.91,-10,26.67,3.875792420920998,5.705456717961254,5.1491266281396335
11,acNIG0130410271040,acNIG0130410271040.dat.correct.padremoved.v,2004-10-27 10:40:00,Niigata Basin,holdout_evaluation,True,163.91,36.67300049,36.67,163.91,-5,31.67,0.8187636498399042,1.755575175360396,3.2549573373348393
11,acNIG0130410271040,acNIG0130410271040.dat.correct.padremoved.v,2004-10-27 10:40:00,Niigata Basin,holdout_evaluation,True,163.91,36.67300049,36.67,163.91,0,36.67,0.0,0.0,0.0
11,acNIG0130410271040,acNIG0130410271040.dat.correct.padremoved.v,2004-10-27 10:40:00,Niigata Basin,holdout_evaluation,True,163.91,36.67300049,36.67,163.91,5,41.67,-8.647737754581886,8.963760337297913,13.41512609184907
11,acNIG0130410271040,acNIG0130410271040.dat.correct.padremoved.v,2004-10-27 10:40:00,Niigata Basin,holdout_evaluation,True,163.91,36.67300049,36.67,163.91,10,46.67,-11.839758043266569,11.027583426363625,13.404693251827391
12,acNIG0140410271040,acNIG0140410271040.dat.correct.padremoved.v,2004-10-27 10:40:00,Niigata Basin,training,True,176.95000000000002,42.39200195,42.39,176.95000000000002,-10,32.39,2.6910102817675474,5.388860969756354,4.755432036002961
12,acNIG0140410271040,acNIG0140410271040.dat.correct.padremoved.v,2004-10-27 10:40:00,Niigata Basin,training,True,176.95000000000002,42.39200195,42.39,176.95000000000002,-5,37.39,1.989601285255671,4.650587245644799,3.5539463390685486
12,acNIG0140410271040,acNIG0140410271040.dat.correct.padremoved.v,2004-10-27 10:40:00,Niigata Basin,training,True,176.95000000000002,42.39200195,42.39,176.95000000000002,0,42.39,0.0,0.0,0.0
12,acNIG0140410271040,acNIG0140410271040.dat.correct.padremoved.v,2004-10-27 10:40:00,Niigata Basin,training,True,176.95000000000002,42.39200195,42.39,176.95000000000002,5,47.39,-12.383950014984102,10.208415591700684,8.857923952429053
12,acNIG0140410271040,acNIG0140410271040.dat.correct.padremoved.v,2004-10-27 10:40:00,Niigata Basin,training,True,176.95000000000002,42.39200195,42.39,176.95000000000002,10,52.39,-16.504118694977564,12.337264549318919,11.142319461242717
13,acNIG0100707161013,acNIG0100707161013.dat.correct.padremoved.v,2007-07-16 10:13:00,Niigata Basin,training,False,177.91,53.11700195,53.120000000000005,177.91,-10,43.12,1.3289097134700834,2.151594169200714,1.4523064260575227
13,acNIG0100707161013,acNIG0100707161013.dat.correct.padremoved.v,2007-07-16 10:13:00,Niigata Basin,training,False,177.91,53.11700195,53.120000000000005,177.91,-5,48.120000000000005,0.47921575759788393,1.8764714640357036,1.2761059625505233
13,acNIG0100707161013,acNIG0100707161013.dat.correct.padremoved.v,2007-07-16 10:13:00,Niigata Basin,training,False,177.91,53.11700195,53.120000000000005,177.91,0,53.120000000000005,0.0,0.0,0.0
13,acNIG0100707161013,acNIG0100707161013.dat.correct.padremoved.v,2007-07-16 10:13:00,Niigata Basin,training,False,177.91,53.11700195,53.120000000000005,177.91,5,58.120000000000005,-1.95004833476502,3.436529196364647,3.4686348493635117
13,acNIG0100707161013,acNIG0100707161013.dat.correct.padremoved.v,2007-07-16 10:13:00,Niigata Basin,training,False,177.91,53.11700195,53.120000000000005,177.91,10,63.120000000000005,-3.3810751791800264,7.6023953603793535,5.098354206963003
15,acNIG0131103120359,acNIG0131103120359.dat.correct.padremoved.v,2011-03-12 03:59:00,Niigata Basin,training,True,238.95000000000002,62.40200195,62.4,238.95000000000002,-10,52.4,2.311264302877758,4.712605634203891,1.533455199357865
15,acNIG0131103120359,acNIG0131103120359.dat.correct.padremoved.v,2011-03-12 03:59:00,Niigata Basin,training,True,238.95000000000002,62.40200195,62.4,238.95000000000002,-5,57.4,0.8328194991186866,2.6897457504354447,2.133227627945076
15,acNIG0131103120359,acNIG0131103120359.dat.correct.padremoved.v,2011-03-12 03:59:00,Niigata Basin,training,True,238.95000000000002,62.40200195,62.4,238.95000000000002,0,62.4,0.0,0.0,0.0
15,acNIG0131103120359,acNIG0131103120359.dat.correct.padremoved.v,2011-03-12 03:59:00,Niigata Basin,training,True,238.95000000000002,62.40200195,62.4,238.95000000000002,5,67.4,-5.498858503645343,7.305821156647564,3.885524135304711
15,acNIG0131103120359,acNIG0131103120359.dat.correct.padremoved.v,2011-03-12 03:59:00,Niigata Basin,training,True,238.95000000000002,62.40200195,62.4,238.95000000000002,10,72.4,-7.1510958170723615,11.931252822363899,5.51280191844787
17,acCHB0141103091145,acCHB0141103091145.dat.correct.padremoved.v,2011-03-09 11:45:00,Kanto Basin,training,True,223.91,92.36299805,92.36,223.91,-10,82.36,1.8592397488633727,2.1695323357356235,0.1692596892684846
17,acCHB0141103091145,acCHB0141103091145.dat.correct.padremoved.v,2011-03-09 11:45:00,Kanto Basin,training,True,223.91,92.36299805,92.36,223.91,-5,87.36,0.43350156801518214,1.0870813473453012,0.07533388107494036
17,acCHB0141103091145,acCHB0141103091145.dat.correct.padremoved.v,2011-03-09 11:45:00,Kanto Basin,training,True,223.91,92.36299805,92.36,223.91,0,92.36,0.0,0.0,0.0
17,acCHB0141103091145,acCHB0141103091145.dat.correct.padremoved.v,2011-03-09 11:45:00,Kanto Basin,training,True,223.91,92.36299805,92.36,223.91,5,97.36,-1.2684493084923143,1.4044420890217686,1.3688089955392155
17,acCHB0141103091145,acCHB0141103091145.dat.correct.padremoved.v,2011-03-09 11:45:00,Kanto Basin,training,True,223.91,92.36299805,92.36,223.91,10,102.36,-5.181413174035443,4.603320612171773,0.6350382530429319
18,acIBR0091103091145,acIBR0091103091145.dat.correct.padremoved.v,2011-03-09 11:45:00,Kanto Basin,holdout_evaluation,True,230.95000000000002,63.00200195,63.0,230.95000000000002,-10,53.0,5.7813588068255095,7.640570893249082,5.048086727647216
18,acIBR0091103091145,acIBR0091103091145.dat.correct.padremoved.v,2011-03-09 11:45:00,Kanto Basin,holdout_evaluation,True,230.95000000000002,63.00200195,63.0,230.95000000000002,-5,58.0,2.255214078724066,4.280167287414654,4.137184287735489
18,acIBR0091103091145,acIBR0091103091145.dat.correct.padremoved.v,2011-03-09 11:45:00,Kanto Basin,holdout_evaluation,True,230.95000000000002,63.00200195,63.0,230.95000000000002,0,63.0,0.0,0.0,0.0
18,acIBR0091103091145,acIBR0091103091145.dat.correct.padremoved.v,2011-03-09 11:45:00,Kanto Basin,holdout_evaluation,True,230.95000000000002,63.00200195,63.0,230.95000000000002,5,68.0,-1.8181176546561706,5.094124177349988,5.9467531592074625
18,acIBR0091103091145,acIBR0091103091145.dat.correct.padremoved.v,2011-03-09 11:45:00,Kanto Basin,holdout_evaluation,True,230.95000000000002,63.00200195,63.0,230.95000000000002,10,73.0,-9.01529368142997,16.71993131032917,13.500225806935337
19,acSIT0031103091145,acSIT0031103091145.dat.correct.padremoved.v,2011-03-09 11:45:00,Kanto Basin,training,True,267.91,90.81400391,90.81,267.91,-10,80.81,6.5513052068242095,7.746148784865091,3.827422256715693
19,acSIT0031103091145,acSIT0031103091145.dat.correct.padremoved.v,2011-03-09 11:45:00,Kanto Basin,training,True,267.91,90.81400391,90.81,267.91,-5,85.81,4.418740703345181,3.4533836127915225,2.0373576396184845
19,acSIT0031103091145,acSIT0031103091145.dat.correct.padremoved.v,2011-03-09 11:45:00,Kanto Basin,training,True,267.91,90.81400391,90.81,267.91,0,90.81,0.0,0.0,0.0
19,acSIT0031103091145,acSIT0031103091145.dat.correct.padremoved.v,2011-03-09 11:45:00,Kanto Basin,training,True,267.91,90.81400391,90.81,267.91,5,95.81,-2.816017607472665,3.687516977056822,2.3821929148724563
19,acSIT0031103091145,acSIT0031103091145.dat.correct.padremoved.v,2011-03-09 11:45:00,Kanto Basin,training,True,267.91,90.81400391,90.81,267.91,10,100.81,-8.026677858153741,9.580713042056017,9.067736222430414
20,acSIT0101103091145,acSIT0101103091145.dat.correct.padremoved.v,2011-03-09 11:45:00,Kanto Basin,holdout_evaluation,False,214.95000000000002,63.37899902,63.38,214.95000000000002,-10,53.38,1.7677500987092198,2.143274935391451,1.6187379042003105
20,acSIT0101103091145,acSIT0101103091145.dat.correct.padremoved.v,2011-03-09 11:45:00,Kanto Basin,holdout_evaluation,False,214.95000000000002,63.37899902,63.38,214.95000000000002,-5,58.38,1.5068260410692425,1.9126658289832497,1.8157888840786494
20,acSIT0101103091145,acSIT0101103091145.dat.correct.padremoved.v,2011-03-09 11:45:00,Kanto Basin,holdout_evaluation,False,214.95000000000002,63.37899902,63.38,214.95000000000002,0,63.38,0.0,0.0,0.0
20,acSIT0101103091145,acSIT0101103091145.dat.correct.padremoved.v,2011-03-09 11:45:00,Kanto Basin,holdout_evaluation,False,214.95000000000002,63.37899902,63.38,214.95000000000002,5,68.38,-1.9282789905727293,2.841306897430192,2.316762103911484
20,acSIT0101103091145,acSIT0101103091145.dat.correct.padremoved.v,2011-03-09 11:45:00,Kanto Basin,holdout_evaluation,False,214.95000000000002,63.37899902,63.38,214.95000000000002,10,73.38,-5.427475312220286,6.530986008848434,5.219252548336239
21,acSIT0031103120359,acSIT0031103120359.dat.correct.padremoved.v,2011-03-12 03:59:00,Kanto Basin,training,True,222.95000000000002,63.99799805,64.0,222.95000000000002,-10,54.0,4.039499286314108,6.951121542924957,4.844252747287097
21,acSIT0031103120359,acSIT0031103120359.dat.correct.padremoved.v,2011-03-12 03:59:00,Kanto Basin,training,True,222.95000000000002,63.99799805,64.0,222.95000000000002,-5,59.0,1.7849094088905781,4.201457610964082,4.406481551916956
21,acSIT0031103120359,acSIT0031103120359.dat.correct.padremoved.v,2011-03-12 03:59:00,Kanto Basin,training,True,222.95000000000002,63.99799805,64.0,222.95000000000002,0,64.0,0.0,0.0,0.0
21,acSIT0031103120359,acSIT0031103120359.dat.correct.padremoved.v,2011-03-12 03:59:00,Kanto Basin,training,True,222.95000000000002,63.99799805,64.0,222.95000000000002,5,69.0,-4.080356975947486,6.159095753190096,6.422891947652364
21,acSIT0031103120359,acSIT0031103120359.dat.correct.padremoved.v,2011-03-12 03:59:00,Kanto Basin,training,True,222.95000000000002,63.99799805,64.0,222.95000000000002,10,74.0,-7.267287752438545,10.24430104930025,19.020227944817012
22,acCHB0111103131026,acCHB0111103131026.dat.correct.padremoved.v,2011-03-13 10:26:00,Kanto Basin,training,True,205.91,45.24700195,45.25,205.91,-10,35.25,5.729339382634935,6.852266764520475,6.197464951132639
22,acCHB0111103131026,acCHB0111103131026.dat.correct.padremoved.v,2011-03-13 10:26:00,Kanto Basin,training,True,205.91,45.24700195,45.25,205.91,-5,40.25,3.2869335806265276,5.459584326285143,5.090821683898667
22,acCHB0111103131026,acCHB0111103131026.dat.correct.padremoved.v,2011-03-13 10:26:00,Kanto Basin,training,True,205.91,45.24700195,45.25,205.91,0,45.25,0.0,0.0,0.0
22,acCHB0111103131026,acCHB0111103131026.dat.correct.padremoved.v,2011-03-13 10:26:00,Kanto Basin,training,True,205.91,45.24700195,45.25,205.91,5,50.25,-3.6290532797840003,4.139158154270241,5.9198071877552865
22,acCHB0111103131026,acCHB0111103131026.dat.correct.padremoved.v,2011-03-13 10:26:00,Kanto Basin,training,True,205.91,45.24700195,45.25,205.91,10,55.25,-7.0473269973309165,9.878009470503468,11.193633856365432
23,acCHB0121103131026,acCHB0121103131026.dat.correct.padremoved.v,2011-03-13 10:26:00,Kanto Basin,training,True,219.91,63.71700195,63.72,219.91,-10,53.72,3.60288771150139,4.911310892464913,3.7407490382227406
23,acCHB0121103131026,acCHB0121103131026.dat.correct.padremoved.v,2011-03-13 10:26:00,Kanto Basin,training,True,219.91,63.71700195,63.72,219.91,-5,58.72,0.8890663546131217,2.108066486366266,2.325643673871353
23,acCHB0121103131026,acCHB0121103131026.dat.correct.padremoved.v,2011-03-13 10:26:00,Kanto Basin,training,True,219.91,63.71700195,63.72,219.91,0,63.72,0.0,0.0,0.0
23,acCHB0121103131026,acCHB0121103131026.dat.correct.padremoved.v,2011-03-13 10:26:00,Kanto Basin,training,True,219.91,63.71700195,63.72,219.91,5,68.72,-0.7250418887255861,3.6422724118894143,3.4379430015114614
23,acCHB0121103131026,acCHB0121103131026.dat.correct.padremoved.v,2011-03-13 10:26:00,Kanto Basin,training,True,219.91,63.71700195,63.72,219.91,10,73.72,-4.49584429586759,11.855091918001904,14.141643909544813
24,acSIT0031103131026,acSIT0031103131026.dat.correct.padremoved.v,2011-03-13 10:26:00,Kanto Basin,training,True,198.95000000000002,57.19799805,57.2,198.95000000000002,-10,47.2,4.199426167876386,4.61890526516079,1.9129737738702937
24,acSIT0031103131026,acSIT0031103131026.dat.correct.padremoved.v,2011-03-13 10:26:00,Kanto Basin,training,True,198.95000000000002,57.19799805,57.2,198.95000000000002,-5,52.2,1.3466230232225262,4.5286164039236425,1.697327388162742
24,acSIT0031103131026,acSIT0031103131026.dat.correct.padremoved.v,2011-03-13 10:26:00,Kanto Basin,training,True,198.95000000000002,57.19799805,57.2,198.95000000000002,0,57.2,0.0,0.0,0.0
24,acSIT0031103131026,acSIT0031103131026.dat.correct.padremoved.v,2011-03-13 10:26:00,Kanto Basin,training,True,198.95000000000002,57.19799805,57.2,198.95000000000002,5,62.2,-2.7557151639573396,5.467526805969972,3.483461118900248
24,acSIT0031103131026,acSIT0031103131026.dat.correct.padremoved.v,2011-03-13 10:26:00,Kanto Basin,training,True,198.95000000000002,57.19799805,57.2,198.95000000000002,10,67.2,-8.871933218852945,11.301833852928738,9.042907764711419
25,acCHB0141103141002,acCHB0141103141002.dat.correct.padremoved.v,2011-03-14 10:02:00,Kanto Basin,holdout_evaluation,True,207.91,83.62299805,83.62,207.91,-10,73.62,4.0590297722942426,6.898392232617058,3.001499562775374
25,acCHB0141103141002,acCHB0141103141002.dat.correct.padremoved.v,2011-03-14 10:02:00,Kanto Basin,holdout_evaluation,True,207.91,83.62299805,83.62,207.91,-5,78.62,2.6594086055924837,3.3977618973093424,2.820545964819431
25,acCHB0141103141002,acCHB0141103141002.dat.correct.padremoved.v,2011-03-14 10:02:00,Kanto Basin,holdout_evaluation,True,207.91,83.62299805,83.62,207.91,0,83.62,0.0,0.0,0.0
25,acCHB0141103141002,acCHB0141103141002.dat.correct.padremoved.v,2011-03-14 10:02:00,Kanto Basin,holdout_evaluation,True,207.91,83.62299805,83.62,207.91,5,88.62,-3.3383320439035136,6.886073308082347,4.529895784992679
25,acCHB0141103141002,acCHB0141103141002.dat.correct.padremoved.v,2011-03-14 10:02:00,Kanto Basin,holdout_evaluation,True,207.91,83.62299805,83.62,207.91,10,93.62,-8.625791505782999,11.390156716892692,7.091615228306739
27,acCHB0121103221819,acCHB0121103221819.dat.correct.padremoved.v,2011-03-22 18:19:00,Kanto Basin,holdout_evaluation,True,183.91,55.66100098,55.660000000000004,183.91,-10,45.660000000000004,2.0774435050303186,3.225139947179254,1.4889180481097195
27,acCHB0121103221819,acCHB0121103221819.dat.correct.padremoved.v,2011-03-22 18:19:00,Kanto Basin,holdout_evaluation,True,183.91,55.66100098,55.660000000000004,183.91,-5,50.660000000000004,1.6480288671717247,2.437061219250676,1.3817031065000362
27,acCHB0121103221819,acCHB0121103221819.dat.correct.padremoved.v,2011-03-22 18:19:00,Kanto Basin,holdout_evaluation,True,183.91,55.66100098,55.660000000000004,183.91,0,55.660000000000004,0.0,0.0,0.0
27,acCHB0121103221819,acCHB0121103221819.dat.correct.padremoved.v,2011-03-22 18:19:00,Kanto Basin,holdout_evaluation,True,183.91,55.66100098,55.660000000000004,183.91,5,60.660000000000004,-2.6999816141945576,4.8822071006744725,2.7499280595051214
27,acCHB0121103221819,acCHB0121103221819.dat.correct.padremoved.v,2011-03-22 18:19:00,Kanto Basin,holdout_evaluation,True,183.91,55.66100098,55.660000000000004,183.91,10,65.66,-6.225619113119052,7.196086052175126,4.094112053354144
28,acCHB0081104111716,acCHB0081104111716.dat.correct.padremoved.v,2011-04-11 17:16:00,Kanto Basin,holdout_evaluation,True,234.95000000000002,49.40100098,49.4,234.95000000000002,-10,39.4,1.8371392685811783,3.6100137994808117,3.5672840296452875
28,acCHB0081104111716,acCHB0081104111716.dat.correct.padremoved.v,2011-04-11 17:16:00,Kanto Basin,holdout_evaluation,True,234.95000000000002,49.40100098,49.4,234.95000000000002,-5,44.4,0.9982469636216296,2.9341254493639246,2.9995547202971813
28,acCHB0081104111716,acCHB0081104111716.dat.correct.padremoved.v,2011-04-11 17:16:00,Kanto Basin,holdout_evaluation,True,234.95000000000002,49.40100098,49.4,234.95000000000002,0,49.4,0.0,0.0,0.0
28,acCHB0081104111716,acCHB0081104111716.dat.correct.padremoved.v,2011-04-11 17:16:00,Kanto Basin,holdout_evaluation,True,234.95000000000002,49.40100098,49.4,234.95000000000002,5,54.4,-0.9419634510964947,3.964677853097958,6.023540984887718
28,acCHB0081104111716,acCHB0081104111716.dat.correct.padremoved.v,2011-04-11 17:16:00,Kanto Basin,holdout_evaluation,True,234.95000000000002,49.40100098,49.4,234.95000000000002,10,59.4,-6.215974727657403,12.153559044716113,11.644881256651779
29,acCHB0091104111716,acCHB0091104111716.dat.correct.padremoved.v,2011-04-11 17:16:00,Kanto Basin,training,True,172.95000000000002,45.36200195,45.36,172.95000000000002,-10,35.36,2.985161151241167,6.800834374621035,4.163535758341432
29,acCHB0091104111716,acCHB0091104111716.dat.correct.padremoved.v,2011-04-11 17:16:00,Kanto Basin,training,True,172.95000000000002,45.36200195,45.36,172.95000000000002,-5,40.36,1.2542883106700042,4.254821252994668,2.158907918318662
29,acCHB0091104111716,acCHB0091104111716.dat.correct.padremoved.v,2011-04-11 17:16:00,Kanto Basin,training,True,172.95000000000002,45.36200195,45.36,172.95000000000002,0,45.36,0.0,0.0,0.0
29,acCHB0091104111716,acCHB0091104111716.dat.correct.padremoved.v,2011-04-11 17:16:00,Kanto Basin,training,True,172.95000000000002,45.36200195,45.36,172.95000000000002,5,50.36,-2.187470570819583,5.919589525853069,3.8537770419983164
29,acCHB0091104111716,acCHB0091104111716.dat.correct.padremoved.v,2011-04-11 17:16:00,Kanto Basin,training,True,172.95000000000002,45.36200195,45.36,172.95000000000002,10,55.36,-15.35838381285295,22.401364280605986,12.222213841854302
30,acCHB0111104111716,acCHB0111104111716.dat.correct.padremoved.v,2011-04-11 17:16:00,Kanto Basin,training,True,288.95,94.58400391,94.58,288.95,-10,84.58,6.0698335387766145,4.771520880859981,5.887314904444314
30,acCHB0111104111716,acCHB0111104111716.dat.correct.padremoved.v,2011-04-11 17:16:00,Kanto Basin,training,True,288.95,94.58400391,94.58,288.95,-5,89.58,4.347056307918917,3.593032577986857,3.569968735583531
30,acCHB0111104111716,acCHB0111104111716.dat.correct.padremoved.v,2011-04-11 17:16:00,Kanto Basin,training,True,288.95,94.58400391,94.58,288.95,0,94.58,0.0,0.0,0.0
30,acCHB0111104111716,acCHB0111104111716.dat.correct.padremoved.v,2011-04-11 17:16:00,Kanto Basin,training,True,288.95,94.58400391,94.58,288.95,5,99.58,-0.3806663363898233,1.2721699443680223,2.0240186384827097
30,acCHB0111104111716,acCHB0111104111716.dat.correct.padremoved.v,2011-04-11 17:16:00,Kanto Basin,training,True,288.95,94.58400391,94.58,288.95,10,104.58,-1.5818124715961335,3.8411083079581037,4.264252452273695
31,acCHB0121104111716,acCHB0121104111716.dat.correct.padremoved.v,2011-04-11 17:16:00,Kanto Basin,training,True,291.91,63.90799805,63.910000000000004,291.91,-10,53.910000000000004,2.8100841533021947,5.611738388748687,2.7595009884474937
31,acCHB0121104111716,acCHB0121104111716.dat.correct.padremoved.v,2011-04-11 17:16:00,Kanto Basin,training,True,291.91,63.90799805,63.910000000000004,291.91,-5,58.910000000000004,1.081354444514293,2.4281873784633103,0.6720568694978044
31,acCHB0121104111716,acCHB0121104111716.dat.correct.padremoved.v,2011-04-11 17:16:00,Kanto Basin,training,True,291.91,63.90799805,63.910000000000004,291.91,0,63.910000000000004,0.0,0.0,0.0
31,acCHB0121104111716,acCHB0121104111716.dat.correct.padremoved.v,2011-04-11 17:16:00,Kanto Basin,training,True,291.91,63.90799805,63.910000000000004,291.91,5,68.91,-1.860066481018674,4.255675760971181,5.046016619059808
31,acCHB0121104111716,acCHB0121104111716.dat.correct.padremoved.v,2011-04-11 17:16:00,Kanto Basin,training,True,291.91,63.90799805,63.910000000000004,291.91,10,73.91,-7.074976296082481,5.14708082062039,7.08869824775337
32,acCHB0171104111716,acCHB0171104111716.dat.correct.padremoved.v,2011-04-11 17:16:00,Kanto Basin,training,False,214.95000000000002,75.39100098,75.39,214.95000000000002,-10,65.39,0.9443242863542922,1.7177281159018134,0.7917156056352573
32,acCHB0171104111716,acCHB0171104111716.dat.correct.padremoved.v,2011-04-11 17:16:00,Kanto Basin,training,False,214.95000000000002,75.39100098,75.39,214.95000000000002,-5,70.39,0.5619210892186643,1.3379639458169614,0.8377226671619831
32,acCHB0171104111716,acCHB0171104111716.dat.correct.padremoved.v,2011-04-11 17:16:00,Kanto Basin,training,False,214.95000000000002,75.39100098,75.39,214.95000000000002,0,75.39,0.0,0.0,0.0
32,acCHB0171104111716,acCHB0171104111716.dat.correct.padremoved.v,2011-04-11 17:16:00,Kanto Basin,training,False,214.95000000000002,75.39100098,75.39,214.95000000000002,5,80.39,-0.9990415591298207,2.7668193776678813,1.5742153402373404
32,acCHB0171104111716,acCHB0171104111716.dat.correct.padremoved.v,2011-04-11 17:16:00,Kanto Basin,training,False,214.95000000000002,75.39100098,75.39,214.95000000000002,10,85.39,-3.4340379201694082,9.04539928375534,4.442958209340666
33,acCHB0241104111716,acCHB0241104111716.dat.correct.padremoved.v,2011-04-11 17:16:00,Kanto Basin,training,True,173.91,54.41,54.410000000000004,173.91,-10,44.410000000000004,3.0208393184694593,4.321059987654192,2.9238001090280563
33,acCHB0241104111716,acCHB0241104111716.dat.correct.padremoved.v,2011-04-11 17:16:00,Kanto Basin,training,True,173.91,54.41,54.410000000000004,173.91,-5,49.410000000000004,1.9111273187621292,5.321436106647812,3.5701200593813645
33,acCHB0241104111716,acCHB0241104111716.dat.correct.padremoved.v,2011-04-11 17:16:00,Kanto Basin,training,True,173.91,54.41,54.410000000000004,173.91,0,54.410000000000004,0.0,0.0,0.0
33,acCHB0241104111716,acCHB0241104111716.dat.correct.padremoved.v,2011-04-11 17:16:00,Kanto Basin,training,True,173.91,54.41,54.410000000000004,173.91,5,59.410000000000004,-4.362971098517288,7.518407970388146,3.2058870004558835
33,acCHB0241104111716,acCHB0241104111716.dat.correct.padremoved.v,2011-04-11 17:16:00,Kanto Basin,training,True,173.91,54.41,54.410000000000004,173.91,10,64.41,-8.805831047488798,11.711088452214387,8.453445053218745
34,acKNG0021104111716,acKNG0021104111716.dat.correct.padremoved.v,2011-04-11 17:16:00,Kanto Basin,training,True,225.91,75.24799805,75.25,225.91,-10,65.25,3.413520839351336,6.184855351878974,8.254318511651256
34,acKNG0021104111716,acKNG0021104111716.dat.correct.padremoved.v,2011-04-11 17:16:00,Kanto Basin,training,True,225.91,75.24799805,75.25,225.91,-5,70.25,2.6945019163076456,4.04455291949311,1.956083138546167
34,acKNG0021104111716,acKNG0021104111716.dat.correct.padremoved.v,2011-04-11 17:16:00,Kanto Basin,training,True,225.91,75.24799805,75.25,225.91,0,75.25,0.0,0.0,0.0
34,acKNG0021104111716,acKNG0021104111716.dat.correct.padremoved.v,2011-04-11 17:16:00,Kanto Basin,training,True,225.91,75.24799805,75.25,225.91,5,80.25,-2.3369741983561343,3.288274305937499,2.3023682945000137
34,acKNG0021104111716,acKNG0021104111716.dat.correct.padremoved.v,2011-04-11 17:16:00,Kanto Basin,training,True,225.91,75.24799805,75.25,225.91,10,85.25,-4.180540882267058,4.967671906808514,2.942857282827977
36,acSIT0081104111716,acSIT0081104111716.dat.correct.padremoved.v,2011-04-11 17:16:00,Kanto Basin,training,True,186.95000000000002,48.22299805,48.22,186.95000000000002,-10,38.22,2.4482590665030557,5.927858156592206,5.2667610198524795
36,acSIT0081104111716,acSIT0081104111716.dat.correct.padremoved.v,2011-04-11 17:16:00,Kanto Basin,training,True,186.95000000000002,48.22299805,48.22,186.95000000000002,-5,43.22,1.7381299274734197,4.582042147709359,5.052306980978949
36,acSIT0081104111716,acSIT0081104111716.dat.correct.padremoved.v,2011-04-11 17:16:00,Kanto Basin,training,True,186.95000000000002,48.22299805,48.22,186.95000000000002,0,48.22,0.0,0.0,0.0
36,acSIT0081104111716,acSIT0081104111716.dat.correct.padremoved.v,2011-04-11 17:16:00,Kanto Basin,training,True,186.95000000000002,48.22299805,48.22,186.95000000000002,5,53.22,-2.687771923403215,6.732559622011886,8.992004187711586
36,acSIT0081104111716,acSIT0081104111716.dat.correct.padremoved.v,2011-04-11 17:16:00,Kanto Basin,training,True,186.95000000000002,48.22299805,48.22,186.95000000000002,10,58.22,-20.362556690814536,17.326055529002065,23.34507702779446
37,acSIT0091104111716,acSIT0091104111716.dat.correct.padremoved.v,2011-04-11 17:16:00,Kanto Basin,training,True,171.91,61.23700195,61.24,171.91,-10,51.24,3.2622338153769137,7.707156227235948,5.656366493855615
37,acSIT0091104111716,acSIT0091104111716.dat.correct.padremoved.v,2011-04-11 17:16:00,Kanto Basin,training,True,171.91,61.23700195,61.24,171.91,-5,56.24,2.1846287627259375,6.021560193377179,3.770702993419228
37,acSIT0091104111716,acSIT0091104111716.dat.correct.padremoved.v,2011-04-11 17:16:00,Kanto Basin,training,True,171.91,61.23700195,61.24,171.91,0,61.24,0.0,0.0,0.0
37,acSIT0091104111716,acSIT0091104111716.dat.correct.padremoved.v,2011-04-11 17:16:00,Kanto Basin,training,True,171.91,61.23700195,61.24,171.91,5,66.24,-8.230730359929483,10.780191019254346,9.710049680471641
37,acSIT0091104111716,acSIT0091104111716.dat.correct.padremoved.v,2011-04-11 17:16:00,Kanto Basin,training,True,171.91,61.23700195,61.24,171.91,10,71.24,-14.525981313362934,15.564361621723922,11.562438957307167
38,acTKY0071104111716,acTKY0071104111716.dat.correct.padremoved.v,2011-04-11 17:16:00,Kanto Basin,holdout_evaluation,True,196.95000000000002,53.64899902,53.65,196.95000000000002,-10,43.65,3.8234641020864046,7.748698514747196,6.019517893854199
38,acTKY0071104111716,acTKY0071104111716.dat.correct.padremoved.v,2011-04-11 17:16:00,Kanto Basin,holdout_evaluation,True,196.95000000000002,53.64899902,53.65,196.95000000000002,-5,48.65,3.485624071043869,6.282795711696957,5.754672860120803
38,acTKY0071104111716,acTKY0071104111716.dat.correct.padremoved.v,2011-04-11 17:16:00,Kanto Basin,holdout_evaluation,True,196.95000000000002,53.64899902,53.65,196.95000000000002,0,53.65,0.0,0.0,0.0
38,acTKY0071104111716,acTKY0071104111716.dat.correct.padremoved.v,2011-04-11 17:16:00,Kanto Basin,holdout_evaluation,True,196.95000000000002,53.64899902,53.65,196.95000000000002,5,58.65,-1.33697646711618,2.8322847996086056,3.2758222443095795
38,acTKY0071104111716,acTKY0071104111716.dat.correct.padremoved.v,2011-04-11 17:16:00,Kanto Basin,holdout_evaluation,True,196.95000000000002,53.64899902,53.65,196.95000000000002,10,63.65,-4.649998115039422,7.837458893251889,13.735414544710082
39,acCHB0081104120808,acCHB0081104120808.dat.correct.padremoved.v,2011-04-12 08:08:00,Kanto Basin,training,True,214.95000000000002,86.13799805,86.14,214.95000000000002,-10,76.14,1.5977609495353429,3.352570337151343,2.1286571521578797
39,acCHB0081104120808,acCHB0081104120808.dat.correct.padremoved.v,2011-04-12 08:08:00,Kanto Basin,training,True,214.95000000000002,86.13799805,86.14,214.95000000000002,-5,81.14,1.0467516778468688,2.786659060133192,1.7485595941920995
39,acCHB0081104120808,acCHB0081104120808.dat.correct.padremoved.v,2011-04-12 08:08:00,Kanto Basin,training,True,214.95000000000002,86.13799805,86.14,214.95000000000002,0,86.14,0.0,0.0,0.0
39,acCHB0081104120808,acCHB0081104120808.dat.correct.padremoved.v,2011-04-12 08:08:00,Kanto Basin,training,True,214.95000000000002,86.13799805,86.14,214.95000000000002,5,91.14,-2.23188201143516,4.053056806159415,5.691381798345959
39,acCHB0081104120808,acCHB0081104120808.dat.correct.padremoved.v,2011-04-12 08:08:00,Kanto Basin,training,True,214.95000000000002,86.13799805,86.14,214.95000000000002,10,96.14,-5.974650846268659,8.40170896046462,12.43153452189449
40,acCHB0081107100957,acCHB0081107100957.dat.correct.padremoved.v,2011-07-10 09:57:00,Kanto Basin,training,True,185.91,74.50100098,74.5,185.91,-10,64.5,0.611965421312588,1.1948821784580983,0.5204014019666742
40,acCHB0081107100957,acCHB0081107100957.dat.correct.padremoved.v,2011-07-10 09:57:00,Kanto Basin,training,True,185.91,74.50100098,74.5,185.91,-5,69.5,0.09655059094537677,0.7164994992696764,0.23694372730875074
40,acCHB0081107100957,acCHB0081107100957.dat.correct.padremoved.v,2011-07-10 09:57:00,Kanto Basin,training,True,185.91,74.50100098,74.5,185.91,0,74.5,0.0,0.0,0.0
40,acCHB0081107100957,acCHB0081107100957.dat.correct.padremoved.v,2011-07-10 09:57:00,Kanto Basin,training,True,185.91,74.50100098,74.5,185.91,5,79.5,-1.4799374087995032,3.5902409222280065,1.498544907198289
40,acCHB0081107100957,acCHB0081107100957.dat.correct.padremoved.v,2011-07-10 09:57:00,Kanto Basin,training,True,185.91,74.50100098,74.5,185.91,10,84.5,-4.812259347372006,5.747504646986299,3.772643986517875
41,acCHB0121107100957,acCHB0121107100957.dat.correct.padremoved.v,2011-07-10 09:57:00,Kanto Basin,holdout_evaluation,False,194.95000000000002,76.29100098,76.29,194.95000000000002,-10,66.29,0.19354857316842278,0.7589460896311434,0.9107087781764811
41,acCHB0121107100957,acCHB0121107100957.dat.correct.padremoved.v,2011-07-10 09:57:00,Kanto Basin,holdout_evaluation,False,194.95000000000002,76.29100098,76.29,194.95000000000002,-5,71.29,0.08776702640505007,0.45473210259218877,0.503955890912995
41,acCHB0121107100957,acCHB0121107100957.dat.correct.padremoved.v,2011-07-10 09:57:00,Kanto Basin,holdout_evaluation,False,194.95000000000002,76.29100098,76.29,194.95000000000002,0,76.29,0.0,0.0,0.0
41,acCHB0121107100957,acCHB0121107100957.dat.correct.padremoved.v,2011-07-10 09:57:00,Kanto Basin,holdout_evaluation,False,194.95000000000002,76.29100098,76.29,194.95000000000002,5,81.29,-2.0236731158849164,4.887844798272048,2.9588097146225394
41,acCHB0121107100957,acCHB0121107100957.dat.correct.padremoved.v,2011-07-10 09:57:00,Kanto Basin,holdout_evaluation,False,194.95000000000002,76.29100098,76.29,194.95000000000002,10,86.29,-8.626156498416115,9.361086023653893,4.420712388524794
42,acCHB0141107100957,acCHB0141107100957.dat.correct.padremoved.v,2011-07-10 09:57:00,Kanto Basin,training,True,229.91,79.62299805,79.62,229.91,-10,69.62,2.0037082081191038,2.620200512658529,0.7794185703674193
42,acCHB0141107100957,acCHB0141107100957.dat.correct.padremoved.v,2011-07-10 09:57:00,Kanto Basin,training,True,229.91,79.62299805,79.62,229.91,-5,74.62,1.0947587623575616,1.543987005709731,0.6009277730039776
42,acCHB0141107100957,acCHB0141107100957.dat.correct.padremoved.v,2011-07-10 09:57:00,Kanto Basin,training,True,229.91,79.62299805,79.62,229.91,0,79.62,0.0,0.0,0.0
42,acCHB0141107100957,acCHB0141107100957.dat.correct.padremoved.v,2011-07-10 09:57:00,Kanto Basin,training,True,229.91,79.62299805,79.62,229.91,5,84.62,-1.191575219791885,2.4239491637152524,0.6582158743001485
42,acCHB0141107100957,acCHB0141107100957.dat.correct.padremoved.v,2011-07-10 09:57:00,Kanto Basin,training,True,229.91,79.62299805,79.62,229.91,10,89.62,-3.7118493597007363,3.7154006504243817,1.3095578353426252
43,acIBR0091107100957,acIBR0091107100957.dat.correct.padremoved.v,2011-07-10 09:57:00,Kanto Basin,training,True,220.95000000000002,61.9,61.9,220.95000000000002,-10,51.9,1.824167919473263,2.6165041384245824,0.8360277374200272
43,acIBR0091107100957,acIBR0091107100957.dat.correct.padremoved.v,2011-07-10 09:57:00,Kanto Basin,training,True,220.95000000000002,61.9,61.9,220.95000000000002,-5,56.9,0.40089644373215716,0.5219432282344145,0.4505173175072748
43,acIBR0091107100957,acIBR0091107100957.dat.correct.padremoved.v,2011-07-10 09:57:00,Kanto Basin,training,True,220.95000000000002,61.9,61.9,220.95000000000002,0,61.9,0.0,0.0,0.0
43,acIBR0091107100957,acIBR0091107100957.dat.correct.padremoved.v,2011-07-10 09:57:00,Kanto Basin,training,True,220.95000000000002,61.9,61.9,220.95000000000002,5,66.9,-1.4942037784381967,1.8264461336788815,1.3021792830545351
43,acIBR0091107100957,acIBR0091107100957.dat.correct.padremoved.v,2011-07-10 09:57:00,Kanto Basin,training,True,220.95000000000002,61.9,61.9,220.95000000000002,10,71.9,-2.930469533094493,2.274932692395456,1.8673474815316422
44,acSIT0021107100957,acSIT0021107100957.dat.correct.padremoved.v,2011-07-10 09:57:00,Kanto Basin,training,False,172.95000000000002,49.21399902,49.21,172.95000000000002,-10,39.21,1.5447499463449699,2.270574863551997,1.6909730929337035
44,acSIT0021107100957,acSIT0021107100957.dat.correct.padremoved.v,2011-07-10 09:57:00,Kanto Basin,training,False,172.95000000000002,49.21399902,49.21,172.95000000000002,-5,44.21,0.5105869674401298,1.8258926368609047,1.378628142446378
44,acSIT0021107100957,acSIT0021107100957.dat.correct.padremoved.v,2011-07-10 09:57:00,Kanto Basin,training,False,172.95000000000002,49.21399902,49.21,172.95000000000002,0,49.21,0.0,0.0,0.0
44,acSIT0021107100957,acSIT0021107100957.dat.correct.padremoved.v,2011-07-10 09:57:00,Kanto Basin,training,False,172.95000000000002,49.21399902,49.21,172.95000000000002,5,54.21,-1.802843569187773,4.720904096897532,2.3869198253518293
44,acSIT0021107100957,acSIT0021107100957.dat.correct.padremoved.v,2011-07-10 09:57:00,Kanto Basin,training,False,172.95000000000002,49.21399902,49.21,172.95000000000002,10,59.21,-8.068721087296238,10.77510729188859,9.464840613663277
45,acSIT0031107100957,acSIT0031107100957.dat.correct.padremoved.v,2011-07-10 09:57:00,Kanto Basin,training,True,289.91,84.20200195,84.2,289.91,-10,74.2,0.43787849966721026,1.1480419131854736,0.8591085193597652
45,acSIT0031107100957,acSIT0031107100957.dat.correct.padremoved.v,2011-07-10 09:57:00,Kanto Basin,training,True,289.91,84.20200195,84.2,289.91,-5,79.2,0.08026362065833847,0.6021659789053935,0.6240955304842367
45,acSIT0031107100957,acSIT0031107100957.dat.correct.padremoved.v,2011-07-10 09:57:00,Kanto Basin,training,True,289.91,84.20200195,84.2,289.91,0,84.2,0.0,0.0,0.0
45,acSIT0031107100957,acSIT0031107100957.dat.correct.padremoved.v,2011-07-10 09:57:00,Kanto Basin,training,True,289.91,84.20200195,84.2,289.91,5,89.2,-1.416373302825391,3.995179610876403,4.0343662460937875
45,acSIT0031107100957,acSIT0031107100957.dat.correct.padremoved.v,2011-07-10 09:57:00,Kanto Basin,training,True,289.91,84.20200195,84.2,289.91,10,94.2,-4.144257551111363,8.343137526893422,8.235382129788029
46,acSIT0101107100957,acSIT0101107100957.dat.correct.padremoved.v,2011-07-10 09:57:00,Kanto Basin,training,False,207.91,66.80600098,66.81,207.91,-10,56.81,0.9496112456243377,2.4307392986273073,1.1643382724212068
46,acSIT0101107100957,acSIT0101107100957.dat.correct.padremoved.v,2011-07-10 09:57:00,Kanto Basin,training,False,207.91,66.80600098,66.81,207.91,-5,61.81,0.6291840719423902,2.0205279365010633,0.9627448900670833
46,acSIT0101107100957,acSIT0101107100957.dat.correct.padremoved.v,2011-07-10 09:57:00,Kanto Basin,training,False,207.91,66.80600098,66.81,207.91,0,66.81,0.0,0.0,0.0
46,acSIT0101107100957,acSIT0101107100957.dat.correct.padremoved.v,2011-07-10 09:57:00,Kanto Basin,training,False,207.91,66.80600098,66.81,207.91,5,71.81,-0.8511862071541088,2.989761141106395,1.9509865628854564
46,acSIT0101107100957,acSIT0101107100957.dat.correct.padremoved.v,2011-07-10 09:57:00,Kanto Basin,training,False,207.91,66.80600098,66.81,207.91,10,76.81,-5.627318997568754,8.54505158275213,2.8062920660529826
47,acCHB0112006250447,acCHB0112006250447.dat.correct.padremoved.v,2020-06-25 04:47:00,Kanto Basin,training,True,161.91,45.29200195,45.29,161.91,-10,35.29,9.523424155068794,11.142300173911277,8.86177777533687
47,acCHB0112006250447,acCHB0112006250447.dat.correct.padremoved.v,2020-06-25 04:47:00,Kanto Basin,training,True,161.91,45.29200195,45.29,161.91,-5,40.29,3.4218831713390685,5.638712035879217,5.860193157236001
47,acCHB0112006250447,acCHB0112006250447.dat.correct.padremoved.v,2020-06-25 04:47:00,Kanto Basin,training,True,161.91,45.29200195,45.29,161.91,0,45.29,0.0,0.0,0.0
47,acCHB0112006250447,acCHB0112006250447.dat.correct.padremoved.v,2020-06-25 04:47:00,Kanto Basin,training,True,161.91,45.29200195,45.29,161.91,5,50.29,-4.5259051848397736,8.83331600804265,19.778761496416966
47,acCHB0112006250447,acCHB0112006250447.dat.correct.padremoved.v,2020-06-25 04:47:00,Kanto Basin,training,True,161.91,45.29200195,45.29,161.91,10,55.29,-28.003086020873024,21.80338012867234,21.94485859131639
48,acCHB0242305261903,acCHB0242305261903.dat.correct.padremoved.v,2023-05-26 19:03:00,Kanto Basin,training,True,166.95000000000002,52.79700195,52.800000000000004,166.95000000000002,-10,42.800000000000004,3.167857453630263,2.9296846533715457,1.714098639117096
48,acCHB0242305261903,acCHB0242305261903.dat.correct.padremoved.v,2023-05-26 19:03:00,Kanto Basin,training,True,166.95000000000002,52.79700195,52.800000000000004,166.95000000000002,-5,47.800000000000004,0.9214596483259951,1.6598691764285487,1.9900770803334633
48,acCHB0242305261903,acCHB0242305261903.dat.correct.padremoved.v,2023-05-26 19:03:00,Kanto Basin,training,True,166.95000000000002,52.79700195,52.800000000000004,166.95000000000002,0,52.800000000000004,0.0,0.0,0.0
48,acCHB0242305261903,acCHB0242305261903.dat.correct.padremoved.v,2023-05-26 19:03:00,Kanto Basin,training,True,166.95000000000002,52.79700195,52.800000000000004,166.95000000000002,5,57.800000000000004,-2.969003195207809,4.239317001346745,2.8438315772297726
48,acCHB0242305261903,acCHB0242305261903.dat.correct.padremoved.v,2023-05-26 19:03:00,Kanto Basin,training,True,166.95000000000002,52.79700195,52.800000000000004,166.95000000000002,10,62.800000000000004,-11.049212893757387,11.513424583999381,6.96965466466856
49,acIBR0091908041923,acIBR0091908041923.dat.correct.padremoved.v,2019-08-04 19:23:00,Kanto Basin,holdout_evaluation,True,166.95000000000002,56.395,56.4,166.95000000000002,-10,46.4,9.834291884901813,11.08051360736803,6.926724819586045
49,acIBR0091908041923,acIBR0091908041923.dat.correct.padremoved.v,2019-08-04 19:23:00,Kanto Basin,holdout_evaluation,True,166.95000000000002,56.395,56.4,166.95000000000002,-5,51.4,5.324814552287616,5.404050519504229,4.506684852819477
49,acIBR0091908041923,acIBR0091908041923.dat.correct.padremoved.v,2019-08-04 19:23:00,Kanto Basin,holdout_evaluation,True,166.95000000000002,56.395,56.4,166.95000000000002,0,56.4,0.0,0.0,0.0
49,acIBR0091908041923,acIBR0091908041923.dat.correct.padremoved.v,2019-08-04 19:23:00,Kanto Basin,holdout_evaluation,True,166.95000000000002,56.395,56.4,166.95000000000002,5,61.4,-5.5931026370545585,11.127601202093537,5.22574318544897
49,acIBR0091908041923,acIBR0091908041923.dat.correct.padremoved.v,2019-08-04 19:23:00,Kanto Basin,holdout_evaluation,True,166.95000000000002,56.395,56.4,166.95000000000002,10,66.4,-16.471885294918664,13.26686486955307,4.934004558637987
50,acSIT0102305261903,acSIT0102305261903.dat.correct.padremoved.v,2023-05-26 19:03:00,Kanto Basin,holdout_evaluation,True,184.95000000000002,56.00100098,56.0,184.95000000000002,-10,46.0,2.7778649529454524,5.539084500049573,4.105838913343973
50,acSIT0102305261903,acSIT0102305261903.dat.correct.padremoved.v,2023-05-26 19:03:00,Kanto Basin,holdout_evaluation,True,184.95000000000002,56.00100098,56.0,184.95000000000002,-5,51.0,0.9507889090774269,3.367854745804899,3.016861438323246
50,acSIT0102305261903,acSIT0102305261903.dat.correct.padremoved.v,2023-05-26 19:03:00,Kanto Basin,holdout_evaluation,True,184.95000000000002,56.00100098,56.0,184.95000000000002,0,56.0,0.0,0.0,0.0
50,acSIT0102305261903,acSIT0102305261903.dat.correct.padremoved.v,2023-05-26 19:03:00,Kanto Basin,holdout_evaluation,True,184.95000000000002,56.00100098,56.0,184.95000000000002,5,61.0,-4.177031832724287,9.82538439359424,9.202928179562335
50,acSIT0102305261903,acSIT0102305261903.dat.correct.padremoved.v,2023-05-26 19:03:00,Kanto Basin,holdout_evaluation,True,184.95000000000002,56.00100098,56.0,184.95000000000002,10,66.0,-16.021659248330856,22.226095007992406,18.650449508031137
